{
  "project_info": {
    "project_number": "821865000282",
    "firebase_url": "https://mecanomandroid.firebaseio.com",
    "project_id": "mecanomandroid",
    "storage_bucket": "mecanomandroid.appspot.com"
  },
  "client": [
    {
      "client_info": {
        "mobilesdk_app_id": "1:821865000282:android:ec83ca8fd41fd862",
        "android_client_info": {
          "package_name": "com.example.root.mecanomandroidhackaton"
        }
      },
      "oauth_client": [
        {
          "client_id": "821865000282-t4e1r07ogupf76g8m80iblql7jh14215.apps.googleusercontent.com",
          "client_type": 1,
          "android_info": {
            "package_name": "com.example.root.mecanomandroidhackaton",
            "certificate_hash": "31c21aab2f5e6fa0fe8721ae15e62e0a35c04d61"
          }
        },
        {
          "client_id": "821865000282-mdipcpc4uut6ipblh57prcjlo9gugo7a.apps.googleusercontent.com",
          "client_type": 3
        }
      ],
      "api_key": [
        {
          "current_key": "AIzaSyA9iP-y5LvguafeZup8KuP5vqTlM7ylmZw"
        }
      ],
      "services": {
        "appinvite_service": {
          "other_platform_oauth_client": [
            {
              "client_id": "821865000282-mdipcpc4uut6ipblh57prcjlo9gugo7a.apps.googleusercontent.com",
              "client_type": 3
            }
          ]
        }
      }
    }
  ],
  "configuration_version": "1"
}